{"cameraMode":{"drawMode":0,"name":"Shaded","section":"Shading Mode"},"sceneLighting":true,"audioPlay":false,"sceneViewState":{"m_AlwaysRefresh":false,"showFog":true,"showSkybox":true,"showFlares":true,"showImageEffects":true,"showParticleSystems":true,"showVisualEffectGraphs":true,"m_FxEnabled":true},"in2DMode":false,"pivot":{"x":663.029541015625,"y":704.7639770507813,"z":-21.45758056640625},"rotation":{"x":0.007499142549932003,"y":0.014999017119407654,"z":-0.00011249515227973461,"w":0.9998595714569092},"size":413.9259338378906,"orthographic":false}